date,hall,meal,food_entries,source_url
2026-08-16,North Dining Hall,Breakfast,0,https://nd.api.nutrislice.com/menu/api/weeks/school/58415/menu-type/28582/2026/8/16
2026-08-17,North Dining Hall,Breakfast,0,https://nd.api.nutrislice.com/menu/api/weeks/school/58415/menu-type/28582/2026/8/16
2026-08-18,North Dining Hall,Breakfast,0,https://nd.api.nutrislice.com/menu/api/weeks/school/58415/menu-type/28582/2026/8/16
2026-08-19,North Dining Hall,Breakfast,0,https://nd.api.nutrislice.com/menu/api/weeks/school/58415/menu-type/28582/2026/8/16
2026-08-20,North Dining Hall,Breakfast,0,https://nd.api.nutrislice.com/menu/api/weeks/school/58415/menu-type/28582/2026/8/16
2026-08-21,North Dining Hall,Breakfast,0,https://nd.api.nutrislice.com/menu/api/weeks/school/58415/menu-type/28582/2026/8/16
2026-08-22,North Dining Hall,Breakfast,0,https://nd.api.nutrislice.com/menu/api/weeks/school/58415/menu-type/28582/2026/8/16
2026-08-16,North Dining Hall,Lunch,0,https://nd.api.nutrislice.com/menu/api/weeks/school/58415/menu-type/28583/2026/8/16
2026-08-17,North Dining Hall,Lunch,0,https://nd.api.nutrislice.com/menu/api/weeks/school/58415/menu-type/28583/2026/8/16
2026-08-18,North Dining Hall,Lunch,0,https://nd.api.nutrislice.com/menu/api/weeks/school/58415/menu-type/28583/2026/8/16
2026-08-19,North Dining Hall,Lunch,0,https://nd.api.nutrislice.com/menu/api/weeks/school/58415/menu-type/28583/2026/8/16
2026-08-20,North Dining Hall,Lunch,0,https://nd.api.nutrislice.com/menu/api/weeks/school/58415/menu-type/28583/2026/8/16
2026-08-21,North Dining Hall,Lunch,0,https://nd.api.nutrislice.com/menu/api/weeks/school/58415/menu-type/28583/2026/8/16
2026-08-22,North Dining Hall,Lunch,0,https://nd.api.nutrislice.com/menu/api/weeks/school/58415/menu-type/28583/2026/8/16
2026-08-16,North Dining Hall,Dinner,0,https://nd.api.nutrislice.com/menu/api/weeks/school/58415/menu-type/28863/2026/8/16
2026-08-17,North Dining Hall,Dinner,0,https://nd.api.nutrislice.com/menu/api/weeks/school/58415/menu-type/28863/2026/8/16
2026-08-18,North Dining Hall,Dinner,0,https://nd.api.nutrislice.com/menu/api/weeks/school/58415/menu-type/28863/2026/8/16
2026-08-19,North Dining Hall,Dinner,0,https://nd.api.nutrislice.com/menu/api/weeks/school/58415/menu-type/28863/2026/8/16
2026-08-20,North Dining Hall,Dinner,0,https://nd.api.nutrislice.com/menu/api/weeks/school/58415/menu-type/28863/2026/8/16
2026-08-21,North Dining Hall,Dinner,0,https://nd.api.nutrislice.com/menu/api/weeks/school/58415/menu-type/28863/2026/8/16
2026-08-22,North Dining Hall,Dinner,0,https://nd.api.nutrislice.com/menu/api/weeks/school/58415/menu-type/28863/2026/8/16
2026-08-16,North Dining Hall,Brunch,0,https://nd.api.nutrislice.com/menu/api/weeks/school/58415/menu-type/28865/2026/8/16
2026-08-17,North Dining Hall,Brunch,0,https://nd.api.nutrislice.com/menu/api/weeks/school/58415/menu-type/28865/2026/8/16
2026-08-18,North Dining Hall,Brunch,0,https://nd.api.nutrislice.com/menu/api/weeks/school/58415/menu-type/28865/2026/8/16
2026-08-19,North Dining Hall,Brunch,0,https://nd.api.nutrislice.com/menu/api/weeks/school/58415/menu-type/28865/2026/8/16
2026-08-20,North Dining Hall,Brunch,0,https://nd.api.nutrislice.com/menu/api/weeks/school/58415/menu-type/28865/2026/8/16
2026-08-21,North Dining Hall,Brunch,0,https://nd.api.nutrislice.com/menu/api/weeks/school/58415/menu-type/28865/2026/8/16
2026-08-22,North Dining Hall,Brunch,0,https://nd.api.nutrislice.com/menu/api/weeks/school/58415/menu-type/28865/2026/8/16
2026-08-16,South Dining Hall,Breakfast,0,https://nd.api.nutrislice.com/menu/api/weeks/school/58414/menu-type/28582/2026/8/16
2026-08-17,South Dining Hall,Breakfast,0,https://nd.api.nutrislice.com/menu/api/weeks/school/58414/menu-type/28582/2026/8/16
2026-08-18,South Dining Hall,Breakfast,0,https://nd.api.nutrislice.com/menu/api/weeks/school/58414/menu-type/28582/2026/8/16
2026-08-19,South Dining Hall,Breakfast,0,https://nd.api.nutrislice.com/menu/api/weeks/school/58414/menu-type/28582/2026/8/16
2026-08-20,South Dining Hall,Breakfast,0,https://nd.api.nutrislice.com/menu/api/weeks/school/58414/menu-type/28582/2026/8/16
2026-08-21,South Dining Hall,Breakfast,0,https://nd.api.nutrislice.com/menu/api/weeks/school/58414/menu-type/28582/2026/8/16
2026-08-22,South Dining Hall,Breakfast,0,https://nd.api.nutrislice.com/menu/api/weeks/school/58414/menu-type/28582/2026/8/16
2026-08-16,South Dining Hall,Lunch,0,https://nd.api.nutrislice.com/menu/api/weeks/school/58414/menu-type/28583/2026/8/16
2026-08-17,South Dining Hall,Lunch,0,https://nd.api.nutrislice.com/menu/api/weeks/school/58414/menu-type/28583/2026/8/16
2026-08-18,South Dining Hall,Lunch,0,https://nd.api.nutrislice.com/menu/api/weeks/school/58414/menu-type/28583/2026/8/16
2026-08-19,South Dining Hall,Lunch,0,https://nd.api.nutrislice.com/menu/api/weeks/school/58414/menu-type/28583/2026/8/16
2026-08-20,South Dining Hall,Lunch,0,https://nd.api.nutrislice.com/menu/api/weeks/school/58414/menu-type/28583/2026/8/16
2026-08-21,South Dining Hall,Lunch,0,https://nd.api.nutrislice.com/menu/api/weeks/school/58414/menu-type/28583/2026/8/16
2026-08-22,South Dining Hall,Lunch,0,https://nd.api.nutrislice.com/menu/api/weeks/school/58414/menu-type/28583/2026/8/16
2026-08-16,South Dining Hall,Dinner,0,https://nd.api.nutrislice.com/menu/api/weeks/school/58414/menu-type/28863/2026/8/16
2026-08-17,South Dining Hall,Dinner,0,https://nd.api.nutrislice.com/menu/api/weeks/school/58414/menu-type/28863/2026/8/16
2026-08-18,South Dining Hall,Dinner,0,https://nd.api.nutrislice.com/menu/api/weeks/school/58414/menu-type/28863/2026/8/16
2026-08-19,South Dining Hall,Dinner,0,https://nd.api.nutrislice.com/menu/api/weeks/school/58414/menu-type/28863/2026/8/16
2026-08-20,South Dining Hall,Dinner,0,https://nd.api.nutrislice.com/menu/api/weeks/school/58414/menu-type/28863/2026/8/16
2026-08-21,South Dining Hall,Dinner,0,https://nd.api.nutrislice.com/menu/api/weeks/school/58414/menu-type/28863/2026/8/16
2026-08-22,South Dining Hall,Dinner,0,https://nd.api.nutrislice.com/menu/api/weeks/school/58414/menu-type/28863/2026/8/16
2026-08-16,South Dining Hall,Brunch,0,https://nd.api.nutrislice.com/menu/api/weeks/school/58414/menu-type/28865/2026/8/16
2026-08-17,South Dining Hall,Brunch,0,https://nd.api.nutrislice.com/menu/api/weeks/school/58414/menu-type/28865/2026/8/16
2026-08-18,South Dining Hall,Brunch,0,https://nd.api.nutrislice.com/menu/api/weeks/school/58414/menu-type/28865/2026/8/16
2026-08-19,South Dining Hall,Brunch,0,https://nd.api.nutrislice.com/menu/api/weeks/school/58414/menu-type/28865/2026/8/16
2026-08-20,South Dining Hall,Brunch,0,https://nd.api.nutrislice.com/menu/api/weeks/school/58414/menu-type/28865/2026/8/16
2026-08-21,South Dining Hall,Brunch,0,https://nd.api.nutrislice.com/menu/api/weeks/school/58414/menu-type/28865/2026/8/16
2026-08-22,South Dining Hall,Brunch,0,https://nd.api.nutrislice.com/menu/api/weeks/school/58414/menu-type/28865/2026/8/16
2026-08-23,North Dining Hall,Breakfast,0,https://nd.api.nutrislice.com/menu/api/weeks/school/58415/menu-type/28582/2026/8/23
2026-08-24,North Dining Hall,Breakfast,0,https://nd.api.nutrislice.com/menu/api/weeks/school/58415/menu-type/28582/2026/8/23
2026-08-25,North Dining Hall,Breakfast,0,https://nd.api.nutrislice.com/menu/api/weeks/school/58415/menu-type/28582/2026/8/23
2026-08-26,North Dining Hall,Breakfast,0,https://nd.api.nutrislice.com/menu/api/weeks/school/58415/menu-type/28582/2026/8/23
2026-08-27,North Dining Hall,Breakfast,0,https://nd.api.nutrislice.com/menu/api/weeks/school/58415/menu-type/28582/2026/8/23
2026-08-28,North Dining Hall,Breakfast,0,https://nd.api.nutrislice.com/menu/api/weeks/school/58415/menu-type/28582/2026/8/23
2026-08-29,North Dining Hall,Breakfast,0,https://nd.api.nutrislice.com/menu/api/weeks/school/58415/menu-type/28582/2026/8/23
2026-08-23,North Dining Hall,Lunch,0,https://nd.api.nutrislice.com/menu/api/weeks/school/58415/menu-type/28583/2026/8/23
2026-08-24,North Dining Hall,Lunch,0,https://nd.api.nutrislice.com/menu/api/weeks/school/58415/menu-type/28583/2026/8/23
2026-08-25,North Dining Hall,Lunch,0,https://nd.api.nutrislice.com/menu/api/weeks/school/58415/menu-type/28583/2026/8/23
2026-08-26,North Dining Hall,Lunch,0,https://nd.api.nutrislice.com/menu/api/weeks/school/58415/menu-type/28583/2026/8/23
2026-08-27,North Dining Hall,Lunch,0,https://nd.api.nutrislice.com/menu/api/weeks/school/58415/menu-type/28583/2026/8/23
2026-08-28,North Dining Hall,Lunch,0,https://nd.api.nutrislice.com/menu/api/weeks/school/58415/menu-type/28583/2026/8/23
2026-08-29,North Dining Hall,Lunch,0,https://nd.api.nutrislice.com/menu/api/weeks/school/58415/menu-type/28583/2026/8/23
2026-08-23,North Dining Hall,Dinner,0,https://nd.api.nutrislice.com/menu/api/weeks/school/58415/menu-type/28863/2026/8/23
2026-08-24,North Dining Hall,Dinner,0,https://nd.api.nutrislice.com/menu/api/weeks/school/58415/menu-type/28863/2026/8/23
2026-08-25,North Dining Hall,Dinner,0,https://nd.api.nutrislice.com/menu/api/weeks/school/58415/menu-type/28863/2026/8/23
2026-08-26,North Dining Hall,Dinner,0,https://nd.api.nutrislice.com/menu/api/weeks/school/58415/menu-type/28863/2026/8/23
2026-08-27,North Dining Hall,Dinner,0,https://nd.api.nutrislice.com/menu/api/weeks/school/58415/menu-type/28863/2026/8/23
2026-08-28,North Dining Hall,Dinner,0,https://nd.api.nutrislice.com/menu/api/weeks/school/58415/menu-type/28863/2026/8/23
2026-08-29,North Dining Hall,Dinner,0,https://nd.api.nutrislice.com/menu/api/weeks/school/58415/menu-type/28863/2026/8/23
2026-08-23,North Dining Hall,Brunch,0,https://nd.api.nutrislice.com/menu/api/weeks/school/58415/menu-type/28865/2026/8/23
2026-08-24,North Dining Hall,Brunch,0,https://nd.api.nutrislice.com/menu/api/weeks/school/58415/menu-type/28865/2026/8/23
2026-08-25,North Dining Hall,Brunch,0,https://nd.api.nutrislice.com/menu/api/weeks/school/58415/menu-type/28865/2026/8/23
2026-08-26,North Dining Hall,Brunch,0,https://nd.api.nutrislice.com/menu/api/weeks/school/58415/menu-type/28865/2026/8/23
2026-08-27,North Dining Hall,Brunch,0,https://nd.api.nutrislice.com/menu/api/weeks/school/58415/menu-type/28865/2026/8/23
2026-08-28,North Dining Hall,Brunch,0,https://nd.api.nutrislice.com/menu/api/weeks/school/58415/menu-type/28865/2026/8/23
2026-08-29,North Dining Hall,Brunch,0,https://nd.api.nutrislice.com/menu/api/weeks/school/58415/menu-type/28865/2026/8/23
2026-08-23,South Dining Hall,Breakfast,0,https://nd.api.nutrislice.com/menu/api/weeks/school/58414/menu-type/28582/2026/8/23
2026-08-24,South Dining Hall,Breakfast,0,https://nd.api.nutrislice.com/menu/api/weeks/school/58414/menu-type/28582/2026/8/23
2026-08-25,South Dining Hall,Breakfast,0,https://nd.api.nutrislice.com/menu/api/weeks/school/58414/menu-type/28582/2026/8/23
2026-08-26,South Dining Hall,Breakfast,0,https://nd.api.nutrislice.com/menu/api/weeks/school/58414/menu-type/28582/2026/8/23
2026-08-27,South Dining Hall,Breakfast,0,https://nd.api.nutrislice.com/menu/api/weeks/school/58414/menu-type/28582/2026/8/23
2026-08-28,South Dining Hall,Breakfast,0,https://nd.api.nutrislice.com/menu/api/weeks/school/58414/menu-type/28582/2026/8/23
2026-08-29,South Dining Hall,Breakfast,0,https://nd.api.nutrislice.com/menu/api/weeks/school/58414/menu-type/28582/2026/8/23
2026-08-23,South Dining Hall,Lunch,0,https://nd.api.nutrislice.com/menu/api/weeks/school/58414/menu-type/28583/2026/8/23
2026-08-24,South Dining Hall,Lunch,0,https://nd.api.nutrislice.com/menu/api/weeks/school/58414/menu-type/28583/2026/8/23
2026-08-25,South Dining Hall,Lunch,0,https://nd.api.nutrislice.com/menu/api/weeks/school/58414/menu-type/28583/2026/8/23
2026-08-26,South Dining Hall,Lunch,0,https://nd.api.nutrislice.com/menu/api/weeks/school/58414/menu-type/28583/2026/8/23
2026-08-27,South Dining Hall,Lunch,0,https://nd.api.nutrislice.com/menu/api/weeks/school/58414/menu-type/28583/2026/8/23
2026-08-28,South Dining Hall,Lunch,0,https://nd.api.nutrislice.com/menu/api/weeks/school/58414/menu-type/28583/2026/8/23
2026-08-29,South Dining Hall,Lunch,0,https://nd.api.nutrislice.com/menu/api/weeks/school/58414/menu-type/28583/2026/8/23
2026-08-23,South Dining Hall,Dinner,0,https://nd.api.nutrislice.com/menu/api/weeks/school/58414/menu-type/28863/2026/8/23
2026-08-24,South Dining Hall,Dinner,0,https://nd.api.nutrislice.com/menu/api/weeks/school/58414/menu-type/28863/2026/8/23
2026-08-25,South Dining Hall,Dinner,0,https://nd.api.nutrislice.com/menu/api/weeks/school/58414/menu-type/28863/2026/8/23
2026-08-26,South Dining Hall,Dinner,0,https://nd.api.nutrislice.com/menu/api/weeks/school/58414/menu-type/28863/2026/8/23
2026-08-27,South Dining Hall,Dinner,0,https://nd.api.nutrislice.com/menu/api/weeks/school/58414/menu-type/28863/2026/8/23
2026-08-28,South Dining Hall,Dinner,0,https://nd.api.nutrislice.com/menu/api/weeks/school/58414/menu-type/28863/2026/8/23
2026-08-29,South Dining Hall,Dinner,0,https://nd.api.nutrislice.com/menu/api/weeks/school/58414/menu-type/28863/2026/8/23
2026-08-23,South Dining Hall,Brunch,0,https://nd.api.nutrislice.com/menu/api/weeks/school/58414/menu-type/28865/2026/8/23
2026-08-24,South Dining Hall,Brunch,0,https://nd.api.nutrislice.com/menu/api/weeks/school/58414/menu-type/28865/2026/8/23
2026-08-25,South Dining Hall,Brunch,0,https://nd.api.nutrislice.com/menu/api/weeks/school/58414/menu-type/28865/2026/8/23
2026-08-26,South Dining Hall,Brunch,0,https://nd.api.nutrislice.com/menu/api/weeks/school/58414/menu-type/28865/2026/8/23
2026-08-27,South Dining Hall,Brunch,0,https://nd.api.nutrislice.com/menu/api/weeks/school/58414/menu-type/28865/2026/8/23
2026-08-28,South Dining Hall,Brunch,0,https://nd.api.nutrislice.com/menu/api/weeks/school/58414/menu-type/28865/2026/8/23
2026-08-29,South Dining Hall,Brunch,0,https://nd.api.nutrislice.com/menu/api/weeks/school/58414/menu-type/28865/2026/8/23
2026-08-30,North Dining Hall,Breakfast,0,https://nd.api.nutrislice.com/menu/api/weeks/school/58415/menu-type/28582/2026/8/30
2026-08-31,North Dining Hall,Breakfast,101,https://nd.api.nutrislice.com/menu/api/weeks/school/58415/menu-type/28582/2026/8/30
2026-09-01,North Dining Hall,Breakfast,101,https://nd.api.nutrislice.com/menu/api/weeks/school/58415/menu-type/28582/2026/8/30
2026-09-02,North Dining Hall,Breakfast,102,https://nd.api.nutrislice.com/menu/api/weeks/school/58415/menu-type/28582/2026/8/30
2026-09-03,North Dining Hall,Breakfast,101,https://nd.api.nutrislice.com/menu/api/weeks/school/58415/menu-type/28582/2026/8/30
2026-09-04,North Dining Hall,Breakfast,101,https://nd.api.nutrislice.com/menu/api/weeks/school/58415/menu-type/28582/2026/8/30
2026-09-05,North Dining Hall,Breakfast,0,https://nd.api.nutrislice.com/menu/api/weeks/school/58415/menu-type/28582/2026/8/30
2026-08-30,North Dining Hall,Lunch,0,https://nd.api.nutrislice.com/menu/api/weeks/school/58415/menu-type/28583/2026/8/30
2026-08-31,North Dining Hall,Lunch,181,https://nd.api.nutrislice.com/menu/api/weeks/school/58415/menu-type/28583/2026/8/30
2026-09-01,North Dining Hall,Lunch,189,https://nd.api.nutrislice.com/menu/api/weeks/school/58415/menu-type/28583/2026/8/30
2026-09-02,North Dining Hall,Lunch,181,https://nd.api.nutrislice.com/menu/api/weeks/school/58415/menu-type/28583/2026/8/30
2026-09-03,North Dining Hall,Lunch,190,https://nd.api.nutrislice.com/menu/api/weeks/school/58415/menu-type/28583/2026/8/30
2026-09-04,North Dining Hall,Lunch,224,https://nd.api.nutrislice.com/menu/api/weeks/school/58415/menu-type/28583/2026/8/30
2026-09-05,North Dining Hall,Lunch,0,https://nd.api.nutrislice.com/menu/api/weeks/school/58415/menu-type/28583/2026/8/30
2026-08-30,North Dining Hall,Dinner,148,https://nd.api.nutrislice.com/menu/api/weeks/school/58415/menu-type/28863/2026/8/30
2026-08-31,North Dining Hall,Dinner,171,https://nd.api.nutrislice.com/menu/api/weeks/school/58415/menu-type/28863/2026/8/30
2026-09-01,North Dining Hall,Dinner,179,https://nd.api.nutrislice.com/menu/api/weeks/school/58415/menu-type/28863/2026/8/30
2026-09-02,North Dining Hall,Dinner,175,https://nd.api.nutrislice.com/menu/api/weeks/school/58415/menu-type/28863/2026/8/30
2026-09-03,North Dining Hall,Dinner,180,https://nd.api.nutrislice.com/menu/api/weeks/school/58415/menu-type/28863/2026/8/30
2026-09-04,North Dining Hall,Dinner,170,https://nd.api.nutrislice.com/menu/api/weeks/school/58415/menu-type/28863/2026/8/30
2026-09-05,North Dining Hall,Dinner,139,https://nd.api.nutrislice.com/menu/api/weeks/school/58415/menu-type/28863/2026/8/30
2026-08-30,North Dining Hall,Brunch,192,https://nd.api.nutrislice.com/menu/api/weeks/school/58415/menu-type/28865/2026/8/30
2026-08-31,North Dining Hall,Brunch,0,https://nd.api.nutrislice.com/menu/api/weeks/school/58415/menu-type/28865/2026/8/30
2026-09-01,North Dining Hall,Brunch,0,https://nd.api.nutrislice.com/menu/api/weeks/school/58415/menu-type/28865/2026/8/30
2026-09-02,North Dining Hall,Brunch,0,https://nd.api.nutrislice.com/menu/api/weeks/school/58415/menu-type/28865/2026/8/30
2026-09-03,North Dining Hall,Brunch,0,https://nd.api.nutrislice.com/menu/api/weeks/school/58415/menu-type/28865/2026/8/30
2026-09-04,North Dining Hall,Brunch,0,https://nd.api.nutrislice.com/menu/api/weeks/school/58415/menu-type/28865/2026/8/30
2026-09-05,North Dining Hall,Brunch,196,https://nd.api.nutrislice.com/menu/api/weeks/school/58415/menu-type/28865/2026/8/30
2026-08-30,South Dining Hall,Breakfast,0,https://nd.api.nutrislice.com/menu/api/weeks/school/58414/menu-type/28582/2026/8/30
2026-08-31,South Dining Hall,Breakfast,132,https://nd.api.nutrislice.com/menu/api/weeks/school/58414/menu-type/28582/2026/8/30
2026-09-01,South Dining Hall,Breakfast,132,https://nd.api.nutrislice.com/menu/api/weeks/school/58414/menu-type/28582/2026/8/30
2026-09-02,South Dining Hall,Breakfast,133,https://nd.api.nutrislice.com/menu/api/weeks/school/58414/menu-type/28582/2026/8/30
2026-09-03,South Dining Hall,Breakfast,119,https://nd.api.nutrislice.com/menu/api/weeks/school/58414/menu-type/28582/2026/8/30
2026-09-04,South Dining Hall,Breakfast,119,https://nd.api.nutrislice.com/menu/api/weeks/school/58414/menu-type/28582/2026/8/30
2026-09-05,South Dining Hall,Breakfast,0,https://nd.api.nutrislice.com/menu/api/weeks/school/58414/menu-type/28582/2026/8/30
2026-08-30,South Dining Hall,Lunch,0,https://nd.api.nutrislice.com/menu/api/weeks/school/58414/menu-type/28583/2026/8/30
2026-08-31,South Dining Hall,Lunch,242,https://nd.api.nutrislice.com/menu/api/weeks/school/58414/menu-type/28583/2026/8/30
2026-09-01,South Dining Hall,Lunch,243,https://nd.api.nutrislice.com/menu/api/weeks/school/58414/menu-type/28583/2026/8/30
2026-09-02,South Dining Hall,Lunch,244,https://nd.api.nutrislice.com/menu/api/weeks/school/58414/menu-type/28583/2026/8/30
2026-09-03,South Dining Hall,Lunch,247,https://nd.api.nutrislice.com/menu/api/weeks/school/58414/menu-type/28583/2026/8/30
2026-09-04,South Dining Hall,Lunch,243,https://nd.api.nutrislice.com/menu/api/weeks/school/58414/menu-type/28583/2026/8/30
2026-09-05,South Dining Hall,Lunch,0,https://nd.api.nutrislice.com/menu/api/weeks/school/58414/menu-type/28583/2026/8/30
2026-08-30,South Dining Hall,Dinner,227,https://nd.api.nutrislice.com/menu/api/weeks/school/58414/menu-type/28863/2026/8/30
2026-08-31,South Dining Hall,Dinner,235,https://nd.api.nutrislice.com/menu/api/weeks/school/58414/menu-type/28863/2026/8/30
2026-09-01,South Dining Hall,Dinner,232,https://nd.api.nutrislice.com/menu/api/weeks/school/58414/menu-type/28863/2026/8/30
2026-09-02,South Dining Hall,Dinner,227,https://nd.api.nutrislice.com/menu/api/weeks/school/58414/menu-type/28863/2026/8/30
2026-09-03,South Dining Hall,Dinner,227,https://nd.api.nutrislice.com/menu/api/weeks/school/58414/menu-type/28863/2026/8/30
2026-09-04,South Dining Hall,Dinner,236,https://nd.api.nutrislice.com/menu/api/weeks/school/58414/menu-type/28863/2026/8/30
2026-09-05,South Dining Hall,Dinner,217,https://nd.api.nutrislice.com/menu/api/weeks/school/58414/menu-type/28863/2026/8/30
2026-08-30,South Dining Hall,Brunch,264,https://nd.api.nutrislice.com/menu/api/weeks/school/58414/menu-type/28865/2026/8/30
2026-08-31,South Dining Hall,Brunch,0,https://nd.api.nutrislice.com/menu/api/weeks/school/58414/menu-type/28865/2026/8/30
2026-09-01,South Dining Hall,Brunch,0,https://nd.api.nutrislice.com/menu/api/weeks/school/58414/menu-type/28865/2026/8/30
2026-09-02,South Dining Hall,Brunch,0,https://nd.api.nutrislice.com/menu/api/weeks/school/58414/menu-type/28865/2026/8/30
2026-09-03,South Dining Hall,Brunch,0,https://nd.api.nutrislice.com/menu/api/weeks/school/58414/menu-type/28865/2026/8/30
2026-09-04,South Dining Hall,Brunch,0,https://nd.api.nutrislice.com/menu/api/weeks/school/58414/menu-type/28865/2026/8/30
2026-09-05,South Dining Hall,Brunch,278,https://nd.api.nutrislice.com/menu/api/weeks/school/58414/menu-type/28865/2026/8/30
2026-09-06,North Dining Hall,Breakfast,0,https://nd.api.nutrislice.com/menu/api/weeks/school/58415/menu-type/28582/2026/9/6
2026-09-07,North Dining Hall,Breakfast,101,https://nd.api.nutrislice.com/menu/api/weeks/school/58415/menu-type/28582/2026/9/6
2026-09-08,North Dining Hall,Breakfast,101,https://nd.api.nutrislice.com/menu/api/weeks/school/58415/menu-type/28582/2026/9/6
2026-09-09,North Dining Hall,Breakfast,101,https://nd.api.nutrislice.com/menu/api/weeks/school/58415/menu-type/28582/2026/9/6
2026-09-10,North Dining Hall,Breakfast,101,https://nd.api.nutrislice.com/menu/api/weeks/school/58415/menu-type/28582/2026/9/6
2026-09-11,North Dining Hall,Breakfast,101,https://nd.api.nutrislice.com/menu/api/weeks/school/58415/menu-type/28582/2026/9/6
2026-09-12,North Dining Hall,Breakfast,0,https://nd.api.nutrislice.com/menu/api/weeks/school/58415/menu-type/28582/2026/9/6
2026-09-06,North Dining Hall,Lunch,0,https://nd.api.nutrislice.com/menu/api/weeks/school/58415/menu-type/28583/2026/9/6
2026-09-07,North Dining Hall,Lunch,176,https://nd.api.nutrislice.com/menu/api/weeks/school/58415/menu-type/28583/2026/9/6
2026-09-08,North Dining Hall,Lunch,186,https://nd.api.nutrislice.com/menu/api/weeks/school/58415/menu-type/28583/2026/9/6
2026-09-09,North Dining Hall,Lunch,176,https://nd.api.nutrislice.com/menu/api/weeks/school/58415/menu-type/28583/2026/9/6
2026-09-10,North Dining Hall,Lunch,185,https://nd.api.nutrislice.com/menu/api/weeks/school/58415/menu-type/28583/2026/9/6
2026-09-11,North Dining Hall,Lunch,177,https://nd.api.nutrislice.com/menu/api/weeks/school/58415/menu-type/28583/2026/9/6
2026-09-12,North Dining Hall,Lunch,0,https://nd.api.nutrislice.com/menu/api/weeks/school/58415/menu-type/28583/2026/9/6
2026-09-06,North Dining Hall,Dinner,157,https://nd.api.nutrislice.com/menu/api/weeks/school/58415/menu-type/28863/2026/9/6
2026-09-07,North Dining Hall,Dinner,176,https://nd.api.nutrislice.com/menu/api/weeks/school/58415/menu-type/28863/2026/9/6
2026-09-08,North Dining Hall,Dinner,186,https://nd.api.nutrislice.com/menu/api/weeks/school/58415/menu-type/28863/2026/9/6
2026-09-09,North Dining Hall,Dinner,179,https://nd.api.nutrislice.com/menu/api/weeks/school/58415/menu-type/28863/2026/9/6
2026-09-10,North Dining Hall,Dinner,187,https://nd.api.nutrislice.com/menu/api/weeks/school/58415/menu-type/28863/2026/9/6
2026-09-11,North Dining Hall,Dinner,174,https://nd.api.nutrislice.com/menu/api/weeks/school/58415/menu-type/28863/2026/9/6
2026-09-12,North Dining Hall,Dinner,0,https://nd.api.nutrislice.com/menu/api/weeks/school/58415/menu-type/28863/2026/9/6
2026-09-06,North Dining Hall,Brunch,190,https://nd.api.nutrislice.com/menu/api/weeks/school/58415/menu-type/28865/2026/9/6
2026-09-07,North Dining Hall,Brunch,0,https://nd.api.nutrislice.com/menu/api/weeks/school/58415/menu-type/28865/2026/9/6
2026-09-08,North Dining Hall,Brunch,0,https://nd.api.nutrislice.com/menu/api/weeks/school/58415/menu-type/28865/2026/9/6
2026-09-09,North Dining Hall,Brunch,0,https://nd.api.nutrislice.com/menu/api/weeks/school/58415/menu-type/28865/2026/9/6
2026-09-10,North Dining Hall,Brunch,0,https://nd.api.nutrislice.com/menu/api/weeks/school/58415/menu-type/28865/2026/9/6
2026-09-11,North Dining Hall,Brunch,0,https://nd.api.nutrislice.com/menu/api/weeks/school/58415/menu-type/28865/2026/9/6
2026-09-12,North Dining Hall,Brunch,190,https://nd.api.nutrislice.com/menu/api/weeks/school/58415/menu-type/28865/2026/9/6
2026-09-06,South Dining Hall,Breakfast,0,https://nd.api.nutrislice.com/menu/api/weeks/school/58414/menu-type/28582/2026/9/6
2026-09-07,South Dining Hall,Breakfast,133,https://nd.api.nutrislice.com/menu/api/weeks/school/58414/menu-type/28582/2026/9/6
2026-09-08,South Dining Hall,Breakfast,135,https://nd.api.nutrislice.com/menu/api/weeks/school/58414/menu-type/28582/2026/9/6
2026-09-09,South Dining Hall,Breakfast,133,https://nd.api.nutrislice.com/menu/api/weeks/school/58414/menu-type/28582/2026/9/6
2026-09-10,South Dining Hall,Breakfast,133,https://nd.api.nutrislice.com/menu/api/weeks/school/58414/menu-type/28582/2026/9/6
2026-09-11,South Dining Hall,Breakfast,132,https://nd.api.nutrislice.com/menu/api/weeks/school/58414/menu-type/28582/2026/9/6
2026-09-12,South Dining Hall,Breakfast,0,https://nd.api.nutrislice.com/menu/api/weeks/school/58414/menu-type/28582/2026/9/6
2026-09-06,South Dining Hall,Lunch,0,https://nd.api.nutrislice.com/menu/api/weeks/school/58414/menu-type/28583/2026/9/6
2026-09-07,South Dining Hall,Lunch,238,https://nd.api.nutrislice.com/menu/api/weeks/school/58414/menu-type/28583/2026/9/6
2026-09-08,South Dining Hall,Lunch,245,https://nd.api.nutrislice.com/menu/api/weeks/school/58414/menu-type/28583/2026/9/6
2026-09-09,South Dining Hall,Lunch,226,https://nd.api.nutrislice.com/menu/api/weeks/school/58414/menu-type/28583/2026/9/6
2026-09-10,South Dining Hall,Lunch,235,https://nd.api.nutrislice.com/menu/api/weeks/school/58414/menu-type/28583/2026/9/6
2026-09-11,South Dining Hall,Lunch,242,https://nd.api.nutrislice.com/menu/api/weeks/school/58414/menu-type/28583/2026/9/6
2026-09-12,South Dining Hall,Lunch,0,https://nd.api.nutrislice.com/menu/api/weeks/school/58414/menu-type/28583/2026/9/6
2026-09-06,South Dining Hall,Dinner,211,https://nd.api.nutrislice.com/menu/api/weeks/school/58414/menu-type/28863/2026/9/6
2026-09-07,South Dining Hall,Dinner,216,https://nd.api.nutrislice.com/menu/api/weeks/school/58414/menu-type/28863/2026/9/6
2026-09-08,South Dining Hall,Dinner,226,https://nd.api.nutrislice.com/menu/api/weeks/school/58414/menu-type/28863/2026/9/6
2026-09-09,South Dining Hall,Dinner,228,https://nd.api.nutrislice.com/menu/api/weeks/school/58414/menu-type/28863/2026/9/6
2026-09-10,South Dining Hall,Dinner,227,https://nd.api.nutrislice.com/menu/api/weeks/school/58414/menu-type/28863/2026/9/6
2026-09-11,South Dining Hall,Dinner,233,https://nd.api.nutrislice.com/menu/api/weeks/school/58414/menu-type/28863/2026/9/6
2026-09-12,South Dining Hall,Dinner,205,https://nd.api.nutrislice.com/menu/api/weeks/school/58414/menu-type/28863/2026/9/6
2026-09-06,South Dining Hall,Brunch,288,https://nd.api.nutrislice.com/menu/api/weeks/school/58414/menu-type/28865/2026/9/6
2026-09-07,South Dining Hall,Brunch,0,https://nd.api.nutrislice.com/menu/api/weeks/school/58414/menu-type/28865/2026/9/6
2026-09-08,South Dining Hall,Brunch,0,https://nd.api.nutrislice.com/menu/api/weeks/school/58414/menu-type/28865/2026/9/6
2026-09-09,South Dining Hall,Brunch,0,https://nd.api.nutrislice.com/menu/api/weeks/school/58414/menu-type/28865/2026/9/6
2026-09-10,South Dining Hall,Brunch,0,https://nd.api.nutrislice.com/menu/api/weeks/school/58414/menu-type/28865/2026/9/6
2026-09-11,South Dining Hall,Brunch,0,https://nd.api.nutrislice.com/menu/api/weeks/school/58414/menu-type/28865/2026/9/6
2026-09-12,South Dining Hall,Brunch,282,https://nd.api.nutrislice.com/menu/api/weeks/school/58414/menu-type/28865/2026/9/6
2026-09-13,North Dining Hall,Breakfast,0,https://nd.api.nutrislice.com/menu/api/weeks/school/58415/menu-type/28582/2026/9/13
2026-09-14,North Dining Hall,Breakfast,101,https://nd.api.nutrislice.com/menu/api/weeks/school/58415/menu-type/28582/2026/9/13
2026-09-15,North Dining Hall,Breakfast,101,https://nd.api.nutrislice.com/menu/api/weeks/school/58415/menu-type/28582/2026/9/13
2026-09-16,North Dining Hall,Breakfast,101,https://nd.api.nutrislice.com/menu/api/weeks/school/58415/menu-type/28582/2026/9/13
2026-09-17,North Dining Hall,Breakfast,101,https://nd.api.nutrislice.com/menu/api/weeks/school/58415/menu-type/28582/2026/9/13
2026-09-18,North Dining Hall,Breakfast,101,https://nd.api.nutrislice.com/menu/api/weeks/school/58415/menu-type/28582/2026/9/13
2026-09-19,North Dining Hall,Breakfast,0,https://nd.api.nutrislice.com/menu/api/weeks/school/58415/menu-type/28582/2026/9/13
2026-09-13,North Dining Hall,Lunch,0,https://nd.api.nutrislice.com/menu/api/weeks/school/58415/menu-type/28583/2026/9/13
2026-09-14,North Dining Hall,Lunch,181,https://nd.api.nutrislice.com/menu/api/weeks/school/58415/menu-type/28583/2026/9/13
2026-09-15,North Dining Hall,Lunch,189,https://nd.api.nutrislice.com/menu/api/weeks/school/58415/menu-type/28583/2026/9/13
2026-09-16,North Dining Hall,Lunch,183,https://nd.api.nutrislice.com/menu/api/weeks/school/58415/menu-type/28583/2026/9/13
2026-09-17,North Dining Hall,Lunch,188,https://nd.api.nutrislice.com/menu/api/weeks/school/58415/menu-type/28583/2026/9/13
2026-09-18,North Dining Hall,Lunch,183,https://nd.api.nutrislice.com/menu/api/weeks/school/58415/menu-type/28583/2026/9/13
2026-09-19,North Dining Hall,Lunch,0,https://nd.api.nutrislice.com/menu/api/weeks/school/58415/menu-type/28583/2026/9/13
2026-09-13,North Dining Hall,Dinner,152,https://nd.api.nutrislice.com/menu/api/weeks/school/58415/menu-type/28863/2026/9/13
2026-09-14,North Dining Hall,Dinner,176,https://nd.api.nutrislice.com/menu/api/weeks/school/58415/menu-type/28863/2026/9/13
2026-09-15,North Dining Hall,Dinner,183,https://nd.api.nutrislice.com/menu/api/weeks/school/58415/menu-type/28863/2026/9/13
2026-09-16,North Dining Hall,Dinner,178,https://nd.api.nutrislice.com/menu/api/weeks/school/58415/menu-type/28863/2026/9/13
2026-09-17,North Dining Hall,Dinner,180,https://nd.api.nutrislice.com/menu/api/weeks/school/58415/menu-type/28863/2026/9/13
2026-09-18,North Dining Hall,Dinner,168,https://nd.api.nutrislice.com/menu/api/weeks/school/58415/menu-type/28863/2026/9/13
2026-09-19,North Dining Hall,Dinner,140,https://nd.api.nutrislice.com/menu/api/weeks/school/58415/menu-type/28863/2026/9/13
2026-09-13,North Dining Hall,Brunch,198,https://nd.api.nutrislice.com/menu/api/weeks/school/58415/menu-type/28865/2026/9/13
2026-09-14,North Dining Hall,Brunch,0,https://nd.api.nutrislice.com/menu/api/weeks/school/58415/menu-type/28865/2026/9/13
2026-09-15,North Dining Hall,Brunch,0,https://nd.api.nutrislice.com/menu/api/weeks/school/58415/menu-type/28865/2026/9/13
2026-09-16,North Dining Hall,Brunch,0,https://nd.api.nutrislice.com/menu/api/weeks/school/58415/menu-type/28865/2026/9/13
2026-09-17,North Dining Hall,Brunch,0,https://nd.api.nutrislice.com/menu/api/weeks/school/58415/menu-type/28865/2026/9/13
2026-09-18,North Dining Hall,Brunch,0,https://nd.api.nutrislice.com/menu/api/weeks/school/58415/menu-type/28865/2026/9/13
2026-09-19,North Dining Hall,Brunch,196,https://nd.api.nutrislice.com/menu/api/weeks/school/58415/menu-type/28865/2026/9/13
2026-09-13,South Dining Hall,Breakfast,100,https://nd.api.nutrislice.com/menu/api/weeks/school/58414/menu-type/28582/2026/9/13
2026-09-14,South Dining Hall,Breakfast,134,https://nd.api.nutrislice.com/menu/api/weeks/school/58414/menu-type/28582/2026/9/13
2026-09-15,South Dining Hall,Breakfast,133,https://nd.api.nutrislice.com/menu/api/weeks/school/58414/menu-type/28582/2026/9/13
2026-09-16,South Dining Hall,Breakfast,134,https://nd.api.nutrislice.com/menu/api/weeks/school/58414/menu-type/28582/2026/9/13
2026-09-17,South Dining Hall,Breakfast,134,https://nd.api.nutrislice.com/menu/api/weeks/school/58414/menu-type/28582/2026/9/13
2026-09-18,South Dining Hall,Breakfast,134,https://nd.api.nutrislice.com/menu/api/weeks/school/58414/menu-type/28582/2026/9/13
2026-09-19,South Dining Hall,Breakfast,0,https://nd.api.nutrislice.com/menu/api/weeks/school/58414/menu-type/28582/2026/9/13
2026-09-13,South Dining Hall,Lunch,164,https://nd.api.nutrislice.com/menu/api/weeks/school/58414/menu-type/28583/2026/9/13
2026-09-14,South Dining Hall,Lunch,265,https://nd.api.nutrislice.com/menu/api/weeks/school/58414/menu-type/28583/2026/9/13
2026-09-15,South Dining Hall,Lunch,257,https://nd.api.nutrislice.com/menu/api/weeks/school/58414/menu-type/28583/2026/9/13
2026-09-16,South Dining Hall,Lunch,267,https://nd.api.nutrislice.com/menu/api/weeks/school/58414/menu-type/28583/2026/9/13
2026-09-17,South Dining Hall,Lunch,258,https://nd.api.nutrislice.com/menu/api/weeks/school/58414/menu-type/28583/2026/9/13
2026-09-18,South Dining Hall,Lunch,290,https://nd.api.nutrislice.com/menu/api/weeks/school/58414/menu-type/28583/2026/9/13
2026-09-19,South Dining Hall,Lunch,0,https://nd.api.nutrislice.com/menu/api/weeks/school/58414/menu-type/28583/2026/9/13
2026-09-13,South Dining Hall,Dinner,240,https://nd.api.nutrislice.com/menu/api/weeks/school/58414/menu-type/28863/2026/9/13
2026-09-14,South Dining Hall,Dinner,262,https://nd.api.nutrislice.com/menu/api/weeks/school/58414/menu-type/28863/2026/9/13
2026-09-15,South Dining Hall,Dinner,243,https://nd.api.nutrislice.com/menu/api/weeks/school/58414/menu-type/28863/2026/9/13
2026-09-16,South Dining Hall,Dinner,259,https://nd.api.nutrislice.com/menu/api/weeks/school/58414/menu-type/28863/2026/9/13
2026-09-17,South Dining Hall,Dinner,246,https://nd.api.nutrislice.com/menu/api/weeks/school/58414/menu-type/28863/2026/9/13
2026-09-18,South Dining Hall,Dinner,264,https://nd.api.nutrislice.com/menu/api/weeks/school/58414/menu-type/28863/2026/9/13
2026-09-19,South Dining Hall,Dinner,218,https://nd.api.nutrislice.com/menu/api/weeks/school/58414/menu-type/28863/2026/9/13
2026-09-13,South Dining Hall,Brunch,275,https://nd.api.nutrislice.com/menu/api/weeks/school/58414/menu-type/28865/2026/9/13
2026-09-14,South Dining Hall,Brunch,0,https://nd.api.nutrislice.com/menu/api/weeks/school/58414/menu-type/28865/2026/9/13
2026-09-15,South Dining Hall,Brunch,0,https://nd.api.nutrislice.com/menu/api/weeks/school/58414/menu-type/28865/2026/9/13
2026-09-16,South Dining Hall,Brunch,0,https://nd.api.nutrislice.com/menu/api/weeks/school/58414/menu-type/28865/2026/9/13
2026-09-17,South Dining Hall,Brunch,0,https://nd.api.nutrislice.com/menu/api/weeks/school/58414/menu-type/28865/2026/9/13
2026-09-18,South Dining Hall,Brunch,0,https://nd.api.nutrislice.com/menu/api/weeks/school/58414/menu-type/28865/2026/9/13
2026-09-19,South Dining Hall,Brunch,282,https://nd.api.nutrislice.com/menu/api/weeks/school/58414/menu-type/28865/2026/9/13
2026-09-20,North Dining Hall,Breakfast,0,https://nd.api.nutrislice.com/menu/api/weeks/school/58415/menu-type/28582/2026/9/20
2026-09-21,North Dining Hall,Breakfast,101,https://nd.api.nutrislice.com/menu/api/weeks/school/58415/menu-type/28582/2026/9/20
2026-09-22,North Dining Hall,Breakfast,101,https://nd.api.nutrislice.com/menu/api/weeks/school/58415/menu-type/28582/2026/9/20
2026-09-23,North Dining Hall,Breakfast,102,https://nd.api.nutrislice.com/menu/api/weeks/school/58415/menu-type/28582/2026/9/20
2026-09-24,North Dining Hall,Breakfast,101,https://nd.api.nutrislice.com/menu/api/weeks/school/58415/menu-type/28582/2026/9/20
2026-09-25,North Dining Hall,Breakfast,101,https://nd.api.nutrislice.com/menu/api/weeks/school/58415/menu-type/28582/2026/9/20
2026-09-26,North Dining Hall,Breakfast,0,https://nd.api.nutrislice.com/menu/api/weeks/school/58415/menu-type/28582/2026/9/20
2026-09-20,North Dining Hall,Lunch,0,https://nd.api.nutrislice.com/menu/api/weeks/school/58415/menu-type/28583/2026/9/20
2026-09-21,North Dining Hall,Lunch,176,https://nd.api.nutrislice.com/menu/api/weeks/school/58415/menu-type/28583/2026/9/20
2026-09-22,North Dining Hall,Lunch,183,https://nd.api.nutrislice.com/menu/api/weeks/school/58415/menu-type/28583/2026/9/20
2026-09-23,North Dining Hall,Lunch,176,https://nd.api.nutrislice.com/menu/api/weeks/school/58415/menu-type/28583/2026/9/20
2026-09-24,North Dining Hall,Lunch,186,https://nd.api.nutrislice.com/menu/api/weeks/school/58415/menu-type/28583/2026/9/20
2026-09-25,North Dining Hall,Lunch,180,https://nd.api.nutrislice.com/menu/api/weeks/school/58415/menu-type/28583/2026/9/20
2026-09-26,North Dining Hall,Lunch,0,https://nd.api.nutrislice.com/menu/api/weeks/school/58415/menu-type/28583/2026/9/20
2026-09-20,North Dining Hall,Dinner,157,https://nd.api.nutrislice.com/menu/api/weeks/school/58415/menu-type/28863/2026/9/20
2026-09-21,North Dining Hall,Dinner,175,https://nd.api.nutrislice.com/menu/api/weeks/school/58415/menu-type/28863/2026/9/20
2026-09-22,North Dining Hall,Dinner,186,https://nd.api.nutrislice.com/menu/api/weeks/school/58415/menu-type/28863/2026/9/20
2026-09-23,North Dining Hall,Dinner,176,https://nd.api.nutrislice.com/menu/api/weeks/school/58415/menu-type/28863/2026/9/20
2026-09-24,North Dining Hall,Dinner,188,https://nd.api.nutrislice.com/menu/api/weeks/school/58415/menu-type/28863/2026/9/20
2026-09-25,North Dining Hall,Dinner,175,https://nd.api.nutrislice.com/menu/api/weeks/school/58415/menu-type/28863/2026/9/20
2026-09-26,North Dining Hall,Dinner,146,https://nd.api.nutrislice.com/menu/api/weeks/school/58415/menu-type/28863/2026/9/20
2026-09-20,North Dining Hall,Brunch,189,https://nd.api.nutrislice.com/menu/api/weeks/school/58415/menu-type/28865/2026/9/20
2026-09-21,North Dining Hall,Brunch,0,https://nd.api.nutrislice.com/menu/api/weeks/school/58415/menu-type/28865/2026/9/20
2026-09-22,North Dining Hall,Brunch,0,https://nd.api.nutrislice.com/menu/api/weeks/school/58415/menu-type/28865/2026/9/20
2026-09-23,North Dining Hall,Brunch,0,https://nd.api.nutrislice.com/menu/api/weeks/school/58415/menu-type/28865/2026/9/20
2026-09-24,North Dining Hall,Brunch,0,https://nd.api.nutrislice.com/menu/api/weeks/school/58415/menu-type/28865/2026/9/20
2026-09-25,North Dining Hall,Brunch,0,https://nd.api.nutrislice.com/menu/api/weeks/school/58415/menu-type/28865/2026/9/20
2026-09-26,North Dining Hall,Brunch,190,https://nd.api.nutrislice.com/menu/api/weeks/school/58415/menu-type/28865/2026/9/20
2026-09-20,South Dining Hall,Breakfast,0,https://nd.api.nutrislice.com/menu/api/weeks/school/58414/menu-type/28582/2026/9/20
2026-09-21,South Dining Hall,Breakfast,134,https://nd.api.nutrislice.com/menu/api/weeks/school/58414/menu-type/28582/2026/9/20
2026-09-22,South Dining Hall,Breakfast,136,https://nd.api.nutrislice.com/menu/api/weeks/school/58414/menu-type/28582/2026/9/20
2026-09-23,South Dining Hall,Breakfast,135,https://nd.api.nutrislice.com/menu/api/weeks/school/58414/menu-type/28582/2026/9/20
2026-09-24,South Dining Hall,Breakfast,134,https://nd.api.nutrislice.com/menu/api/weeks/school/58414/menu-type/28582/2026/9/20
2026-09-25,South Dining Hall,Breakfast,134,https://nd.api.nutrislice.com/menu/api/weeks/school/58414/menu-type/28582/2026/9/20
2026-09-26,South Dining Hall,Breakfast,0,https://nd.api.nutrislice.com/menu/api/weeks/school/58414/menu-type/28582/2026/9/20
2026-09-20,South Dining Hall,Lunch,0,https://nd.api.nutrislice.com/menu/api/weeks/school/58414/menu-type/28583/2026/9/20
2026-09-21,South Dining Hall,Lunch,263,https://nd.api.nutrislice.com/menu/api/weeks/school/58414/menu-type/28583/2026/9/20
2026-09-22,South Dining Hall,Lunch,261,https://nd.api.nutrislice.com/menu/api/weeks/school/58414/menu-type/28583/2026/9/20
2026-09-23,South Dining Hall,Lunch,262,https://nd.api.nutrislice.com/menu/api/weeks/school/58414/menu-type/28583/2026/9/20
2026-09-24,South Dining Hall,Lunch,264,https://nd.api.nutrislice.com/menu/api/weeks/school/58414/menu-type/28583/2026/9/20
2026-09-25,South Dining Hall,Lunch,273,https://nd.api.nutrislice.com/menu/api/weeks/school/58414/menu-type/28583/2026/9/20
2026-09-26,South Dining Hall,Lunch,0,https://nd.api.nutrislice.com/menu/api/weeks/school/58414/menu-type/28583/2026/9/20
2026-09-20,South Dining Hall,Dinner,235,https://nd.api.nutrislice.com/menu/api/weeks/school/58414/menu-type/28863/2026/9/20
2026-09-21,South Dining Hall,Dinner,239,https://nd.api.nutrislice.com/menu/api/weeks/school/58414/menu-type/28863/2026/9/20
2026-09-22,South Dining Hall,Dinner,235,https://nd.api.nutrislice.com/menu/api/weeks/school/58414/menu-type/28863/2026/9/20
2026-09-23,South Dining Hall,Dinner,241,https://nd.api.nutrislice.com/menu/api/weeks/school/58414/menu-type/28863/2026/9/20
2026-09-24,South Dining Hall,Dinner,242,https://nd.api.nutrislice.com/menu/api/weeks/school/58414/menu-type/28863/2026/9/20
2026-09-25,South Dining Hall,Dinner,251,https://nd.api.nutrislice.com/menu/api/weeks/school/58414/menu-type/28863/2026/9/20
2026-09-26,South Dining Hall,Dinner,214,https://nd.api.nutrislice.com/menu/api/weeks/school/58414/menu-type/28863/2026/9/20
2026-09-20,South Dining Hall,Brunch,295,https://nd.api.nutrislice.com/menu/api/weeks/school/58414/menu-type/28865/2026/9/20
2026-09-21,South Dining Hall,Brunch,0,https://nd.api.nutrislice.com/menu/api/weeks/school/58414/menu-type/28865/2026/9/20
2026-09-22,South Dining Hall,Brunch,0,https://nd.api.nutrislice.com/menu/api/weeks/school/58414/menu-type/28865/2026/9/20
2026-09-23,South Dining Hall,Brunch,0,https://nd.api.nutrislice.com/menu/api/weeks/school/58414/menu-type/28865/2026/9/20
2026-09-24,South Dining Hall,Brunch,0,https://nd.api.nutrislice.com/menu/api/weeks/school/58414/menu-type/28865/2026/9/20
2026-09-25,South Dining Hall,Brunch,0,https://nd.api.nutrislice.com/menu/api/weeks/school/58414/menu-type/28865/2026/9/20
2026-09-26,South Dining Hall,Brunch,283,https://nd.api.nutrislice.com/menu/api/weeks/school/58414/menu-type/28865/2026/9/20
2026-09-27,North Dining Hall,Breakfast,0,https://nd.api.nutrislice.com/menu/api/weeks/school/58415/menu-type/28582/2026/9/27
2026-09-28,North Dining Hall,Breakfast,101,https://nd.api.nutrislice.com/menu/api/weeks/school/58415/menu-type/28582/2026/9/27
2026-09-29,North Dining Hall,Breakfast,102,https://nd.api.nutrislice.com/menu/api/weeks/school/58415/menu-type/28582/2026/9/27
2026-09-30,North Dining Hall,Breakfast,102,https://nd.api.nutrislice.com/menu/api/weeks/school/58415/menu-type/28582/2026/9/27
2026-10-01,North Dining Hall,Breakfast,101,https://nd.api.nutrislice.com/menu/api/weeks/school/58415/menu-type/28582/2026/9/27
2026-10-02,North Dining Hall,Breakfast,101,https://nd.api.nutrislice.com/menu/api/weeks/school/58415/menu-type/28582/2026/9/27
2026-10-03,North Dining Hall,Breakfast,0,https://nd.api.nutrislice.com/menu/api/weeks/school/58415/menu-type/28582/2026/9/27
2026-09-27,North Dining Hall,Lunch,0,https://nd.api.nutrislice.com/menu/api/weeks/school/58415/menu-type/28583/2026/9/27
2026-09-28,North Dining Hall,Lunch,183,https://nd.api.nutrislice.com/menu/api/weeks/school/58415/menu-type/28583/2026/9/27
2026-09-29,North Dining Hall,Lunch,189,https://nd.api.nutrislice.com/menu/api/weeks/school/58415/menu-type/28583/2026/9/27
2026-09-30,North Dining Hall,Lunch,185,https://nd.api.nutrislice.com/menu/api/weeks/school/58415/menu-type/28583/2026/9/27
2026-10-01,North Dining Hall,Lunch,189,https://nd.api.nutrislice.com/menu/api/weeks/school/58415/menu-type/28583/2026/9/27
2026-10-02,North Dining Hall,Lunch,186,https://nd.api.nutrislice.com/menu/api/weeks/school/58415/menu-type/28583/2026/9/27
2026-10-03,North Dining Hall,Lunch,0,https://nd.api.nutrislice.com/menu/api/weeks/school/58415/menu-type/28583/2026/9/27
2026-09-27,North Dining Hall,Dinner,152,https://nd.api.nutrislice.com/menu/api/weeks/school/58415/menu-type/28863/2026/9/27
2026-09-28,North Dining Hall,Dinner,172,https://nd.api.nutrislice.com/menu/api/weeks/school/58415/menu-type/28863/2026/9/27
2026-09-29,North Dining Hall,Dinner,186,https://nd.api.nutrislice.com/menu/api/weeks/school/58415/menu-type/28863/2026/9/27
2026-09-30,North Dining Hall,Dinner,175,https://nd.api.nutrislice.com/menu/api/weeks/school/58415/menu-type/28863/2026/9/27
2026-10-01,North Dining Hall,Dinner,178,https://nd.api.nutrislice.com/menu/api/weeks/school/58415/menu-type/28863/2026/9/27
2026-10-02,North Dining Hall,Dinner,170,https://nd.api.nutrislice.com/menu/api/weeks/school/58415/menu-type/28863/2026/9/27
2026-10-03,North Dining Hall,Dinner,142,https://nd.api.nutrislice.com/menu/api/weeks/school/58415/menu-type/28863/2026/9/27
2026-09-27,North Dining Hall,Brunch,197,https://nd.api.nutrislice.com/menu/api/weeks/school/58415/menu-type/28865/2026/9/27
2026-09-28,North Dining Hall,Brunch,0,https://nd.api.nutrislice.com/menu/api/weeks/school/58415/menu-type/28865/2026/9/27
2026-09-29,North Dining Hall,Brunch,0,https://nd.api.nutrislice.com/menu/api/weeks/school/58415/menu-type/28865/2026/9/27
2026-09-30,North Dining Hall,Brunch,0,https://nd.api.nutrislice.com/menu/api/weeks/school/58415/menu-type/28865/2026/9/27
2026-10-01,North Dining Hall,Brunch,0,https://nd.api.nutrislice.com/menu/api/weeks/school/58415/menu-type/28865/2026/9/27
2026-10-02,North Dining Hall,Brunch,0,https://nd.api.nutrislice.com/menu/api/weeks/school/58415/menu-type/28865/2026/9/27
2026-10-03,North Dining Hall,Brunch,200,https://nd.api.nutrislice.com/menu/api/weeks/school/58415/menu-type/28865/2026/9/27
2026-09-27,South Dining Hall,Breakfast,0,https://nd.api.nutrislice.com/menu/api/weeks/school/58414/menu-type/28582/2026/9/27
2026-09-28,South Dining Hall,Breakfast,136,https://nd.api.nutrislice.com/menu/api/weeks/school/58414/menu-type/28582/2026/9/27
2026-09-29,South Dining Hall,Breakfast,134,https://nd.api.nutrislice.com/menu/api/weeks/school/58414/menu-type/28582/2026/9/27
2026-09-30,South Dining Hall,Breakfast,135,https://nd.api.nutrislice.com/menu/api/weeks/school/58414/menu-type/28582/2026/9/27
2026-10-01,South Dining Hall,Breakfast,134,https://nd.api.nutrislice.com/menu/api/weeks/school/58414/menu-type/28582/2026/9/27
2026-10-02,South Dining Hall,Breakfast,134,https://nd.api.nutrislice.com/menu/api/weeks/school/58414/menu-type/28582/2026/9/27
2026-10-03,South Dining Hall,Breakfast,0,https://nd.api.nutrislice.com/menu/api/weeks/school/58414/menu-type/28582/2026/9/27
2026-09-27,South Dining Hall,Lunch,0,https://nd.api.nutrislice.com/menu/api/weeks/school/58414/menu-type/28583/2026/9/27
2026-09-28,South Dining Hall,Lunch,271,https://nd.api.nutrislice.com/menu/api/weeks/school/58414/menu-type/28583/2026/9/27
2026-09-29,South Dining Hall,Lunch,255,https://nd.api.nutrislice.com/menu/api/weeks/school/58414/menu-type/28583/2026/9/27
2026-09-30,South Dining Hall,Lunch,273,https://nd.api.nutrislice.com/menu/api/weeks/school/58414/menu-type/28583/2026/9/27
2026-10-01,South Dining Hall,Lunch,266,https://nd.api.nutrislice.com/menu/api/weeks/school/58414/menu-type/28583/2026/9/27
2026-10-02,South Dining Hall,Lunch,286,https://nd.api.nutrislice.com/menu/api/weeks/school/58414/menu-type/28583/2026/9/27
2026-10-03,South Dining Hall,Lunch,0,https://nd.api.nutrislice.com/menu/api/weeks/school/58414/menu-type/28583/2026/9/27
2026-09-27,South Dining Hall,Dinner,244,https://nd.api.nutrislice.com/menu/api/weeks/school/58414/menu-type/28863/2026/9/27
2026-09-28,South Dining Hall,Dinner,262,https://nd.api.nutrislice.com/menu/api/weeks/school/58414/menu-type/28863/2026/9/27
2026-09-29,South Dining Hall,Dinner,246,https://nd.api.nutrislice.com/menu/api/weeks/school/58414/menu-type/28863/2026/9/27
2026-09-30,South Dining Hall,Dinner,252,https://nd.api.nutrislice.com/menu/api/weeks/school/58414/menu-type/28863/2026/9/27
2026-10-01,South Dining Hall,Dinner,246,https://nd.api.nutrislice.com/menu/api/weeks/school/58414/menu-type/28863/2026/9/27
2026-10-02,South Dining Hall,Dinner,241,https://nd.api.nutrislice.com/menu/api/weeks/school/58414/menu-type/28863/2026/9/27
2026-10-03,South Dining Hall,Dinner,220,https://nd.api.nutrislice.com/menu/api/weeks/school/58414/menu-type/28863/2026/9/27
2026-09-27,South Dining Hall,Brunch,274,https://nd.api.nutrislice.com/menu/api/weeks/school/58414/menu-type/28865/2026/9/27
2026-09-28,South Dining Hall,Brunch,0,https://nd.api.nutrislice.com/menu/api/weeks/school/58414/menu-type/28865/2026/9/27
2026-09-29,South Dining Hall,Brunch,0,https://nd.api.nutrislice.com/menu/api/weeks/school/58414/menu-type/28865/2026/9/27
2026-09-30,South Dining Hall,Brunch,0,https://nd.api.nutrislice.com/menu/api/weeks/school/58414/menu-type/28865/2026/9/27
2026-10-01,South Dining Hall,Brunch,0,https://nd.api.nutrislice.com/menu/api/weeks/school/58414/menu-type/28865/2026/9/27
2026-10-02,South Dining Hall,Brunch,0,https://nd.api.nutrislice.com/menu/api/weeks/school/58414/menu-type/28865/2026/9/27
2026-10-03,South Dining Hall,Brunch,276,https://nd.api.nutrislice.com/menu/api/weeks/school/58414/menu-type/28865/2026/9/27
2026-10-04,North Dining Hall,Breakfast,0,https://nd.api.nutrislice.com/menu/api/weeks/school/58415/menu-type/28582/2026/10/4
2026-10-05,North Dining Hall,Breakfast,101,https://nd.api.nutrislice.com/menu/api/weeks/school/58415/menu-type/28582/2026/10/4
2026-10-06,North Dining Hall,Breakfast,101,https://nd.api.nutrislice.com/menu/api/weeks/school/58415/menu-type/28582/2026/10/4
2026-10-07,North Dining Hall,Breakfast,101,https://nd.api.nutrislice.com/menu/api/weeks/school/58415/menu-type/28582/2026/10/4
2026-10-04,North Dining Hall,Lunch,0,https://nd.api.nutrislice.com/menu/api/weeks/school/58415/menu-type/28583/2026/10/4
2026-10-05,North Dining Hall,Lunch,177,https://nd.api.nutrislice.com/menu/api/weeks/school/58415/menu-type/28583/2026/10/4
2026-10-06,North Dining Hall,Lunch,185,https://nd.api.nutrislice.com/menu/api/weeks/school/58415/menu-type/28583/2026/10/4
2026-10-07,North Dining Hall,Lunch,176,https://nd.api.nutrislice.com/menu/api/weeks/school/58415/menu-type/28583/2026/10/4
2026-10-04,North Dining Hall,Dinner,157,https://nd.api.nutrislice.com/menu/api/weeks/school/58415/menu-type/28863/2026/10/4
2026-10-05,North Dining Hall,Dinner,177,https://nd.api.nutrislice.com/menu/api/weeks/school/58415/menu-type/28863/2026/10/4
2026-10-06,North Dining Hall,Dinner,187,https://nd.api.nutrislice.com/menu/api/weeks/school/58415/menu-type/28863/2026/10/4
2026-10-07,North Dining Hall,Dinner,175,https://nd.api.nutrislice.com/menu/api/weeks/school/58415/menu-type/28863/2026/10/4
2026-10-04,North Dining Hall,Brunch,188,https://nd.api.nutrislice.com/menu/api/weeks/school/58415/menu-type/28865/2026/10/4
2026-10-05,North Dining Hall,Brunch,0,https://nd.api.nutrislice.com/menu/api/weeks/school/58415/menu-type/28865/2026/10/4
2026-10-06,North Dining Hall,Brunch,0,https://nd.api.nutrislice.com/menu/api/weeks/school/58415/menu-type/28865/2026/10/4
2026-10-07,North Dining Hall,Brunch,0,https://nd.api.nutrislice.com/menu/api/weeks/school/58415/menu-type/28865/2026/10/4
2026-10-04,South Dining Hall,Breakfast,0,https://nd.api.nutrislice.com/menu/api/weeks/school/58414/menu-type/28582/2026/10/4
2026-10-05,South Dining Hall,Breakfast,134,https://nd.api.nutrislice.com/menu/api/weeks/school/58414/menu-type/28582/2026/10/4
2026-10-06,South Dining Hall,Breakfast,134,https://nd.api.nutrislice.com/menu/api/weeks/school/58414/menu-type/28582/2026/10/4
2026-10-07,South Dining Hall,Breakfast,134,https://nd.api.nutrislice.com/menu/api/weeks/school/58414/menu-type/28582/2026/10/4
2026-10-04,South Dining Hall,Lunch,0,https://nd.api.nutrislice.com/menu/api/weeks/school/58414/menu-type/28583/2026/10/4
2026-10-05,South Dining Hall,Lunch,264,https://nd.api.nutrislice.com/menu/api/weeks/school/58414/menu-type/28583/2026/10/4
2026-10-06,South Dining Hall,Lunch,257,https://nd.api.nutrislice.com/menu/api/weeks/school/58414/menu-type/28583/2026/10/4
2026-10-07,South Dining Hall,Lunch,260,https://nd.api.nutrislice.com/menu/api/weeks/school/58414/menu-type/28583/2026/10/4
2026-10-04,South Dining Hall,Dinner,236,https://nd.api.nutrislice.com/menu/api/weeks/school/58414/menu-type/28863/2026/10/4
2026-10-05,South Dining Hall,Dinner,243,https://nd.api.nutrislice.com/menu/api/weeks/school/58414/menu-type/28863/2026/10/4
2026-10-06,South Dining Hall,Dinner,235,https://nd.api.nutrislice.com/menu/api/weeks/school/58414/menu-type/28863/2026/10/4
2026-10-07,South Dining Hall,Dinner,239,https://nd.api.nutrislice.com/menu/api/weeks/school/58414/menu-type/28863/2026/10/4
2026-10-04,South Dining Hall,Brunch,291,https://nd.api.nutrislice.com/menu/api/weeks/school/58414/menu-type/28865/2026/10/4
2026-10-05,South Dining Hall,Brunch,0,https://nd.api.nutrislice.com/menu/api/weeks/school/58414/menu-type/28865/2026/10/4
2026-10-06,South Dining Hall,Brunch,0,https://nd.api.nutrislice.com/menu/api/weeks/school/58414/menu-type/28865/2026/10/4
2026-10-07,South Dining Hall,Brunch,0,https://nd.api.nutrislice.com/menu/api/weeks/school/58414/menu-type/28865/2026/10/4
